Time,X,Y,Z,Heart Rate,Labels
15,6.1294404,6.7671049,12.0081636,51.25,0
30,6.1112061,6.9299468,11.962906,52.66666667,0
45,6.0984498,6.9087063,11.9256594,52.33333333,0
60,6.1014405,6.9117277,11.9350127,49.33333333,0
75,6.0931093,6.9156339,11.9331208,51,0
90,6.0880282,6.9367826,11.9270173,53.33333333,0
105,6.0673371,7.086975,11.9193725,54,0
120,6.0590668,7.0201264,11.8988494,53.66666667,0
135,6.0700684,7.0847167,11.8742219,56.66666667,0
150,6.0497896,7.0793456,11.8698578,64.33333333,0
165,6.0470123,7.0556335,11.8707886,51.5,0
180,6.0541992,7.007843,11.8928986,51.75,0
195,6.0548096,7.0038451,11.8954773,53,0
210,6.048828,7.0033723,11.8944702,55.66666667,0
225,6.0647124,7.0433197,11.9001313,58.5,0
240,6.0754854,7.0496824,11.9016571,58.75,0
255,6.0522766,7.0073396,11.9037783,59.33333333,0
270,6.0621796,7.0126649,11.9185027,59,0
285,6.0529327,6.9963838,11.9181214,55.66666667,0
300,6.0495606,6.9772189,11.9202269,52.33333333,0
315,6.0479277,7.0023194,11.926422,53,0
330,6.0322113,7.0095519,11.9682922,56.25,0
345,5.9980011,6.9745484,11.9481505,57,0
360,5.9922485,6.9601744,11.9532011,54,0
375,5.9966582,6.9730073,11.9723662,55.5,0
390,6.0480499,7.2904662,12.1131288,57.33333333,0
405,5.9982452,7.1092987,11.8919526,57.33333333,0
420,9.8349457,9.965393,11.3918306,54.66666667,0
435,5.7480775,12.7949829,13.2762147,54,0
450,0.8287507,8.7346954,12.4071199,58.33333333,0
465,0.5767975,7.6533202,12.8339083,59,0
480,0.5728759,7.6577762,12.8325042,56.25,0
495,0.5715027,7.6587983,12.823166,50.5,0
510,0.5641937,7.6666411,12.8198851,51.66666667,0
525,0.5588226,7.6774903,12.8213807,59.66666667,0
540,0.5603026,7.6775361,12.8144075,62,0
555,0.5635374,7.7052154,12.7995605,60.5,0
570,0.5580444,7.7101439,12.7986908,59.33333333,0
585,0.5571745,7.7136231,12.7927706,57,0
600,0.5563049,7.7338257,12.7846221,57,0
615,0.5572815,7.7225191,12.7860264,58,0
630,0.5597842,7.7308655,12.7861331,58,0
645,0.5552672,7.7334136,12.7830201,58.66666667,0
660,0.5568236,7.7318726,12.7830506,59,0
675,0.5578919,7.7388151,12.7739259,58,0
690,0.5559693,7.7446592,12.7773896,58,0
705,0.554947,7.7432097,12.7758638,57.66666667,0
720,0.5470888,7.7441862,12.7689512,57,0
735,0.5470885,7.7511441,12.7660219,57,0
750,0.5445709,7.7559661,12.7835846,57.33333333,0
765,0.5425415,7.754547,12.7840882,58,0
780,0.5449982,7.7589262,12.7855529,58,0
795,0.54451,7.756973,12.784134,59,0
810,0.548935,7.7588803,12.7928315,59,0
825,0.5454712,7.7565153,12.7879488,59,0
840,0.5445407,7.7643279,12.7856444,59,0
855,0.5485075,7.767349,12.7802583,59,0
870,0.5489805,7.7663266,12.7794342,59,0
885,0.5524597,7.7683257,12.7784425,58.33333333,0
900,0.5514984,7.7747494,12.7745209,58,0
915,0.5473939,7.8137208,12.7541047,58,0
930,0.5471803,7.8690033,12.7266695,57.5,0
945,0.5193939,7.8760528,12.7145233,57,0
960,0.5217287,7.8808898,12.7180023,57,0
975,0.545761,7.8664399,12.7368319,60,0
990,0.5457766,7.8625489,12.7324218,63.33333333,0
1005,0.5461884,7.8590852,12.7485808,66.33333333,0
1020,0.5404359,7.8808287,12.725113,69,0
1035,0.5401002,7.8824157,12.7158355,65.33333333,0
1050,0.5458983,7.8848114,12.7154391,60.33333333,0
1065,0.5414886,7.8867799,12.7163695,60,0
1080,0.542084,7.8784791,12.7163238,59.33333333,0
1095,0.5385743,7.8888092,12.710068,59,0
1110,0.5361482,7.8829039,12.714737,59,0
1125,0.5374756,7.8808136,12.7246399,59,0
1140,0.5307009,7.8789214,12.7143403,58.33333333,0
1155,0.531189,7.8755036,12.7135774,59,0
1170,0.527176,7.8892823,12.7098998,58.66666667,0
1185,0.5391846,7.8903046,12.7022248,58,0
1200,0.5421299,7.8982237,12.6995238,58,0
1215,0.5346833,7.9085388,12.7014159,58,0
1230,0.5234069,7.9575346,12.6670533,57.66666667,0
1245,0.5087127,7.9633789,12.661514,57,0
1260,0.5002135,7.9698333,12.6700285,57,0
1275,0.488449,7.9886781,12.6678314,56,0
1290,0.3641205,7.9284056,12.7018434,56,0
1305,0.3906405,7.9515534,12.7097169,55.25,0
1320,0.3022768,7.8626403,12.7809603,56,0
1335,0.3100586,7.6928405,12.9007873,56.33333333,0
1350,0.3351287,7.4579012,12.9870911,60.66666667,0
1365,0.302582,7.5151823,12.9437104,57.66666667,0
1380,0.3651274,7.5191193,12.9324339,55,0
1395,0.3750304,7.5176086,12.9337918,56.33333333,0
1410,0.3807676,7.5062563,12.9367522,56,0
1425,0.4044496,7.5175629,12.9301759,53.66666667,0
1440,0.4380952,7.4379883,13.068985,53,0
1455,0.6040036,6.7748873,13.3466949,53.33333333,0
1470,0.5391236,6.7469027,13.3633118,53.33333333,0
1485,0.5631562,6.8213652,13.3001709,53,1
1500,0.6186675,6.7911988,13.3269806,53,1
1515,0.5973969,6.783783,13.3284455,56.66666667,1
1530,0.6123354,6.8041534,13.3088072,56.33333333,1
1545,0.6365355,6.8231506,13.3197478,52.66666667,1
1560,0.6290587,6.8011933,13.2856903,53,1
1575,0.6242063,6.7996981,13.2902985,53,1
1590,0.626404,6.7834169,13.3160703,55.5,1
1605,0.6196136,6.7789764,13.301773,53,2
1620,0.6250151,6.7795565,13.3026732,51.66666667,2
1635,0.6215819,6.7828827,13.2970733,51.66666667,2
1650,0.626007,6.7903593,13.2967527,51.66666667,2
1665,0.6290739,6.795288,13.2981567,54,2
1680,0.6304933,6.7814485,13.2980193,57.66666667,2
1695,0.6324615,6.7888642,13.2932587,54.33333333,2
1710,0.6491549,6.7976684,13.3071441,54.66666667,2
1725,0.6536406,6.7947082,13.284424,55,2
1740,0.6585541,6.787323,13.3040162,52.33333333,2
1755,0.6546171,6.7770388,13.2965241,53,2
1770,0.6609496,6.7829132,13.3044282,54,2
1785,0.6633455,6.7838744,13.2966766,53.75,2
1800,0.6697237,6.776047,13.2952576,54,2
1815,0.6717377,6.7764742,13.3055268,56.66666667,2
1830,0.6703186,6.7774201,13.3029786,57.5,2
1845,0.6679077,6.7799531,13.2935029,56,2
1860,0.6693268,6.7804872,13.2924652,55,2
1875,0.6775972,6.7745211,13.297821,56,2
1890,0.6717529,6.7892761,13.2928924,59.66666667,2
1905,0.6713257,6.7868349,13.2973786,59,2
1920,0.6737975,6.7839203,13.2983857,56,2
1935,0.6714325,6.7888643,13.2925415,55.25,2
1950,0.6777345,6.790863,13.2951356,57.66666667,2
1965,0.6777804,6.7889099,13.2940675,57.66666667,2
1980,0.6763003,6.7961427,13.2936554,59.33333333,2
1995,0.6845248,6.7749634,13.2993775,60,2
2010,0.6834718,6.7508393,13.3055572,53.33333333,2
2025,0.6855166,6.7681123,13.3032684,53,2
2040,0.6855319,6.7705841,13.2998964,58,2
2055,0.6849823,6.773407,13.3072357,59.66666667,2
2070,0.6841127,6.7779085,13.3043061,60,2
2085,0.6831055,6.7740631,13.2916718,57.33333333,2
2100,0.6899719,6.7849427,13.295685,56,2
2115,0.6934661,6.7814178,13.2927856,56.5,2
2130,0.6500701,6.7675779,13.3191681,59,2
2145,0.6234435,6.7646336,13.3124085,59,2
2160,0.6313781,6.7685853,13.3034056,58.66666667,2
2175,0.6288604,6.7642061,13.3058471,58.66666667,2
2190,0.6337282,6.7558138,13.3066406,58.33333333,2
2205,0.6352844,6.7622226,13.3063048,55,2
2220,0.633316,6.7601778,13.3078004,59,2
2235,0.6371613,6.7651977,13.3078765,60,2
2250,0.6362762,6.7690277,13.3049927,59.66666667,2
2265,0.6382448,6.770096,13.3073119,59,2
2280,0.6393128,6.7725677,13.3045806,60,2
2295,0.6391451,6.7607423,13.3005675,58.33333333,2
2310,0.6446229,6.7616882,13.3104401,55.5,2
2325,0.6457064,6.7715303,13.311966,58,2
2340,0.6476287,6.7720489,13.3033447,58,2
2355,0.6427461,6.7710878,13.302597,58,2
2370,0.6436006,6.7710421,13.3085481,58,2
2385,0.6457367,6.7715608,13.296875,58.33333333,2
2400,0.6486512,6.7696229,13.300232,58.66666667,2
2415,0.649597,6.7661288,13.304474,59,2
2430,0.6534882,6.7680664,13.3087159,59,2
2445,0.6501313,6.7759398,13.3047485,59,2
2460,0.652481,6.762146,13.3027191,57.66666667,2
2475,0.6535035,6.7661132,13.3048249,58,2
2490,0.6549531,6.769104,13.304306,58.66666667,2
2505,0.6569521,6.7685853,13.3013457,58,2
2520,0.6603241,6.7720948,13.3034211,60,2
2535,0.6594392,6.7715148,13.3013764,59.33333333,2
2550,0.6609497,6.7788849,13.3048552,59,2
2565,0.6575013,6.7794496,13.2976684,61.33333333,3
2580,0.6565553,6.7745668,13.3020478,60.33333333,3
2595,0.6614227,6.7759857,13.3004914,60,2
2610,0.6654358,6.7763977,13.3111725,59,2
2625,0.6585541,6.7789764,13.2941741,59,3
2640,0.7094575,6.8405302,13.3260344,58,3
2655,0.7233734,6.8480376,13.2603148,58,3
2670,0.7243652,6.852417,13.257309,58,3
2685,0.7282258,6.8357237,13.2588195,59,3
2700,0.7248992,6.8489836,13.2612456,60.33333333,3
2715,0.7243804,6.8396148,13.2644653,60,3
2730,0.724869,6.8494414,13.2548828,59.33333333,3
2745,0.7293703,6.850952,13.2549285,59.33333333,3
2760,0.7294617,6.8539732,13.2515411,59,3
2775,0.7262878,6.8415526,13.2584074,59.5,3
2790,0.7460937,6.8672179,13.2522888,58,3
2805,0.7477266,6.859909,13.2425536,56.66666667,3
2820,0.7501372,6.8682556,13.2374422,56,3
2835,0.7541656,6.8707732,13.2389526,56,3
2850,0.7591248,6.881134,13.2354432,56.33333333,3
2865,0.7611085,6.8904269,13.2374113,59,3
2880,0.7591707,6.8924409,13.2373811,59.33333333,3
2895,0.7586059,6.8894807,13.235657,58.66666667,3
2910,0.7552034,6.8895114,13.2332765,58,3
2925,0.7519074,6.8919377,13.2285767,59,3
2940,0.7537995,6.8924409,13.2343598,59.33333333,3
2955,0.7572022,6.8880007,13.2309724,59.33333333,3
2970,0.7582092,6.8944399,13.2340851,59.66666667,3
2985,0.7587128,6.8934478,13.2282409,62,3
3000,0.7572021,6.8835602,13.2309114,59.33333333,3
3015,0.7576752,6.8924104,13.229065,56.5,3
3030,0.7557984,6.8958893,13.2368928,59.66666667,3
3045,0.7591553,6.8860779,13.2361602,60.33333333,3
3060,0.7616118,6.8855438,13.2314452,59,3
3075,0.7601013,6.897812,13.231186,61,3
3090,0.7620851,6.8954318,13.2323914,61,3
3105,0.761093,6.8895111,13.2308045,61,2
3120,0.7597503,6.8978577,13.2252349,60.66666667,2
3135,0.7616884,6.897324,13.2330324,60.33333333,2
3150,0.7595977,6.8869784,13.2322693,57.66666667,2
3165,0.7587433,6.8934937,13.22493,56.66666667,2
3180,0.7641143,6.8974304,13.2222443,57.66666667,2
3195,0.757263,6.8855745,13.2313843,58,3
3210,0.7587126,6.8919833,13.2349395,58,3
3225,0.7592315,6.8973541,13.2348327,58,3
3240,0.7611388,6.8957978,13.2301177,59,3
3255,0.7563628,6.8993226,13.2320252,59.33333333,2
3270,0.7636109,6.8978273,13.2320253,59.66666667,2
3285,0.7616272,6.8909456,13.2323762,58.33333333,0
3300,0.758728,6.8948673,13.2255554,57,0
3315,0.7659758,6.8874971,13.2342835,61,0
3330,0.7750854,5.6279145,14.0513153,57.5,0
3345,0.5153657,2.7883759,14.8080904,57,0
3360,0.521393,2.4039154,14.7266997,94.33333333,0
3375,0.9898835,2.8168029,14.7256317,93,0
3390,8.0169524,14.2431335,8.7053376,82,0
3405,0.8157195,7.3329774,13.2977295,83,0
3420,0.5130007,7.608612,12.9294892,91.5,0
3435,0.4604188,7.5550538,12.9051513,87,0
3450,0.4393312,7.574768,12.918457,71,0
3465,0.4281617,7.6025541,12.8764343,64,0
3480,0.4318238,7.6020354,12.8663482,53.33333333,0
3495,0.4308473,7.6050108,12.8624268,53,0
3510,0.4397585,7.6098785,12.8674469,56.5,0
3525,0.4572144,7.5970612,12.8859404,60.33333333,0
3540,0.4696503,7.6157532,12.8843841,59.5,0
3555,0.490448,7.569336,12.9057161,55.66666667,0
3570,0.5921324,7.2760926,13.0655364,55,0
3585,0.5428925,7.306259,13.0519715,56,0
3600,0.5613405,7.3298797,13.0261688,53,0
3615,0.5550232,7.3134614,13.0461579,51.66666667,0
3630,0.6310884,7.145004,13.159729,51.66666667,0
3645,0.631592,7.0341795,13.1638642,52,1
3660,0.6320039,7.0272367,13.1716461,52,1
3675,0.6310578,7.0252686,13.1697845,50,1
3690,0.6325685,7.0262449,13.1726226,54.25,1
3705,0.6399383,7.0272366,13.1681366,55.33333333,1
3720,0.6408843,7.0208433,13.1730803,54.33333333,1
3735,0.6349945,7.0222779,13.1731413,53,1
3750,0.6369629,7.0282134,13.169281,53.75,1
3765,0.6469422,7.0316314,13.1665344,59.5,1
3780,0.6433868,7.0183714,13.1707001,56.66666667,1
3795,0.6453094,7.0297088,13.1688843,54.33333333,1
3810,0.6459198,7.024246,13.1684874,54.33333333,1
3825,0.6483156,7.0292509,13.1611785,54,1
3840,0.6453398,7.0355377,13.1883088,53,1
3855,0.6014711,7.0227964,13.1919555,52,1
3870,0.5859835,6.9778901,13.1949005,52.33333333,1
3885,0.6826782,6.3923644,13.5661469,53.66666667,1
3900,0.701233,5.9680786,13.663849,53,1
3915,0.7032469,5.9779816,13.6618806,53.66666667,1
3930,0.7070922,5.9616854,13.6749879,54.66666667,1
3945,0.7052761,5.9739685,13.6677397,54,1
3960,0.7027894,5.9779206,13.6647798,54.66666667,1
3975,0.7100677,5.9779814,13.6677551,57.66666667,1
3990,0.7115477,5.9862672,13.6697996,58,1
4005,0.71788,5.972519,13.665985,59.5,1
4020,0.7159879,5.9695891,13.6623535,57,1
4035,0.7115171,5.9833223,13.6645201,54.66666667,1
4050,0.7165678,5.9794311,13.6634826,55.5,1
4065,0.7174681,5.972992,13.665985,55.5,1
4080,0.7096559,5.9755096,13.667343,55.5,1
4095,0.7077024,5.982361,13.6619414,54,1
4110,0.7145842,5.9739379,13.6621553,54,1
4125,0.7170561,5.9858856,13.6586459,55,1
4140,0.7107545,5.992279,13.6600648,55.5,1
4155,0.716568,5.9833529,13.6626127,56.66666667,1
4170,0.750885,5.9576875,13.7017822,57.33333333,1
4185,0.8410797,5.7953491,13.7288055,57,1
4200,0.8449246,5.8071896,13.7207641,55.66666667,1
4215,0.8421173,5.8121032,13.7192231,57.33333333,0
4230,0.8435364,5.8066708,13.7201538,58,0
4245,1.3608094,5.2480163,14.0745391,59,0
4260,1.1246187,4.0997162,14.9853821,66.5,0
4275,0.3855744,5.3811951,13.9350739,69,0
4290,0.3609619,5.3244935,13.943619,79.33333333,0
4305,0.3541262,5.3343356,13.9543305,59.5,0
4320,0.2557221,5.5060578,13.9072723,67.75,0
4335,0.2011873,5.5076448,13.8908082,68,0
4350,0.2000731,5.477066,13.8942719,57.33333333,0
4365,0.1837923,5.4938967,13.8898622,52.5,0
4380,0.1484374,5.5194853,13.8842318,52.5,0
4395,0.1355438,5.5042422,13.8893434,52.25,0
4410,0.1204222,5.4948579,13.885727,51.66666667,0
4425,0.1238249,5.5106508,13.9024506,51.5,0
4440,0.1098021,5.5200808,13.8838197,51,0
4455,0.1273346,5.5238954,13.8927,60.66666667,0
4470,0.1226958,5.494919,13.8886261,53,0
4485,0.1243894,5.5047302,13.8908236,53,0
4500,0.1194001,5.5027315,13.8890381,53.66666667,0
4515,0.1149901,5.5018312,13.8933715,54,0
4530,0.1111297,5.5048218,13.8864746,54,0
4545,0.1090695,5.5072175,13.8933564,51.66666667,0
4560,0.0735932,5.4686886,13.9139251,55,0
4575,0.0778198,5.4701384,13.9115449,56.33333333,0
4590,0.0813599,5.4806518,13.9009245,54.33333333,0
4605,0.0848543,5.4904634,13.8908235,52.66666667,0
4620,0.079071,5.4914706,13.8937683,54,0
4635,0.0789185,5.4840092,13.8985594,55.66666667,0
4650,0.0823364,5.4900056,13.8940126,55.33333333,0
4665,0.0859985,5.5195773,13.8914948,55.5,0
4680,0.085556,5.5274508,13.8848113,59,0
4695,0.0860292,5.5250246,13.8821564,53.33333333,0
4710,0.0795747,5.5264285,13.8852541,52.33333333,0
4725,0.0825655,5.520569,13.8726044,54,0
4740,0.082718,5.5363771,13.8741761,56.5,0
4755,0.0777434,5.5260013,13.8779299,55,0
4770,0.0802612,5.5407564,13.8726197,54.33333333,0
4785,0.0777894,5.5112002,13.8778381,55.33333333,0
4800,0.0766755,5.523514,13.8806915,54.33333333,0
4815,0.0718231,5.5255434,13.88031,54.66666667,1
4830,0.0692748,5.5106814,13.8891754,55.66666667,1
4845,0.0726624,5.5294801,13.8842622,56,1
4860,0.073822,5.5338746,13.8812715,56,1
4875,0.0743104,5.5373079,13.882248,58.66666667,2
4890,0.072281,5.5289459,13.8836671,57,2
4905,0.0735931,5.523514,13.8857119,57.66666667,1
4920,0.0732421,5.5357512,13.878952,57.33333333,1
4935,0.0722658,5.5181275,13.8899689,57,2
4950,0.0747073,5.5319215,13.8813782,57,2
4965,0.0762787,5.5417634,13.8750916,59.66666667,2
4980,0.0677949,5.5161592,13.8839112,58.5,2
4995,0.0703736,5.5293427,13.8797303,55,0
5010,0.0706939,5.5195619,13.8884737,56,0
5025,0.0664064,5.5205232,13.8930053,55.66666667,1
5040,3.0494081,9.8058015,14.5770567,56,1
5055,0.7807617,9.2129822,11.8017731,56,2
5070,0.7155152,9.2465667,11.7754517,50.66666667,2
5085,0.7015075,9.259384,11.7554321,50,2
5100,0.6944275,9.283966,11.7429812,50.66666667,2
5115,0.6831359,9.2829741,11.7447051,50,2
5130,0.656967,9.3586122,11.6959992,51.66666667,2
5145,0.6396941,9.3537292,11.6822204,50,2
5160,0.6411439,9.3645633,11.677292,50,2
5175,0.6397246,9.3605652,11.6827086,47,2
5190,0.6323241,9.3586885,11.6817323,48.75,2
5205,0.619873,9.3773805,11.6620941,52.66666667,2
5220,0.6143189,9.3822934,11.6574706,54,2
5235,0.6103822,9.3853454,11.6603546,55.75,2
5250,0.6049804,9.3793182,11.6609954,53.5,2
5265,0.6050414,9.3744356,11.6656648,51.33333333,2
5280,0.6035613,9.3769073,11.6615447,52,2
5295,0.6029968,9.3842771,11.659622,54.5,2
5310,0.6065216,9.3733824,11.662857,55.33333333,2
5325,0.5968933,9.364563,11.6830444,53,2
5340,0.6001738,9.3704836,11.6751709,51.33333333,2
5355,0.6021118,9.3783875,11.6669314,51.66666667,2
5370,0.602417,9.3802946,11.6582336,53.66666667,2
5385,0.6011049,9.3764191,11.6610716,53.66666667,2
5400,0.5981598,9.3838043,11.6592712,54.66666667,2
5415,0.6029814,9.3789214,11.6600341,54,2
5430,0.6045989,9.3818207,11.6663816,54.5,2
5445,0.6025696,9.3827973,11.6611024,55,2
5460,0.6044921,9.3946687,11.6577911,57.66666667,2
5475,0.6083984,9.389694,11.65625,58.33333333,2
5490,0.6079406,9.38826,11.6503755,56,2
5505,0.606903,9.3897553,11.6528932,57,2
5520,0.6084138,9.3932496,11.6503446,57.66666667,2
5535,0.6048736,9.3922579,11.648422,54,2
5550,0.605423,9.3867951,11.652817,57.25,2
5565,0.604004,9.3907777,11.6542815,58.66666667,2
5580,0.6053619,9.3936921,11.6499633,60,2
5595,0.6063536,9.3941803,11.6474914,58.66666667,2
5610,0.6044312,9.3912202,11.6505278,57,2
5625,0.6048889,9.3912353,11.6480559,56.5,0
5640,0.6052551,9.3976594,11.645645,59,0
5655,0.6077882,9.4134063,11.6471558,59,0
5670,0.7076109,9.5109405,11.5688324,64,0
5685,1.4927216,7.2173157,13.5706635,77.66666667,0
5700,1.2180634,7.6982574,12.7705687,89.33333333,0
5715,1.252243,7.7175139,12.7691649,84.33333333,0
5730,2.2691041,14.9432372,5.4988099,78,0
5745,1.8877715,14.4635316,3.9132079,80.5,0
5760,1.8784028,14.4369048,4.015381,56.33333333,0
5775,1.8801269,14.4202271,4.1018219,59,0
5790,2.1050873,14.5833893,4.9569855,64.33333333,0
5805,2.2999724,13.3600618,7.336258,63.5,0
5820,2.688034,8.2280276,14.0886841,76.25,0
5835,1.4957582,4.7644046,14.281845,85,1
5850,1.4632875,4.960922,14.1096193,87,1
5865,1.4245148,4.8962248,14.0606842,63.66666667,1
5880,1.4229128,4.929657,14.0521545,51.66666667,1
5895,1.4260254,5.019409,14.0351256,51.33333333,2
5910,1.4732207,5.1288756,14.0355072,56,2
5925,1.4882965,5.1092834,13.973648,56,2
5940,1.4623566,5.107788,14.0022885,62.75,2
5955,1.41806,5.0890197,13.9852295,65,1
5970,1.4238279,5.180542,13.9976044,59,1
5985,1.3687286,5.0297853,14.0068358,59,2
6000,1.3696289,5.0277403,14.0164487,58,2
6015,1.3712158,5.0149993,14.019104,57.5,2
6030,1.3595277,5.0065307,14.0255431,58,2
6045,1.381378,4.9626008,14.0514679,59,2
6060,1.3594056,4.9374695,14.0502623,57.33333333,2
6075,1.3588715,4.9320832,14.0517731,57.33333333,2
6090,1.3628235,4.9369661,14.0493926,58.66666667,2
6105,1.3716126,4.933029,14.0475921,56,2
6120,1.3628541,4.9354707,14.050644,56.66666667,2
6135,1.3683167,4.962082,14.0823975,58.66666667,2
6150,1.3634034,4.9282838,14.1085968,55.33333333,2
6165,1.3556827,4.9148255,14.060379,53.66666667,2
6180,1.3507081,4.892563,14.070404,57,2
6195,1.3492586,4.8926087,14.0671539,55.66666667,2
6210,1.3550874,4.897583,14.0587311,59,2
6225,1.3506775,4.9033966,14.0739137,59,2
6240,1.3084867,4.9646912,14.1382599,54,2
6255,1.2256774,4.8135069,14.0948335,54,2
6270,1.2193604,4.8169707,14.0968629,54,2
6285,1.2256319,4.8218687,14.0992737,58,2
6300,1.2227783,4.8183898,14.1046295,57.5,2
6315,1.248169,4.8652192,14.1022339,56,2
6330,1.2348634,4.848053,14.0869752,56.66666667,2
6345,1.2354278,4.8519593,14.0904542,57.33333333,2
6360,1.235443,4.8520358,14.0857851,56.66666667,2
6375,1.2427216,4.8533935,14.0911558,59,2
6390,1.2437743,4.8656768,14.0999298,59,2
6405,1.2431948,4.894394,14.0826568,54.33333333,2
6420,1.2258299,4.9016877,14.1000671,52,2
6435,1.2039491,4.8672334,14.08432,51,2
6450,1.2008821,4.8638001,14.0810546,55,2
6465,1.2038271,4.8647767,14.0825347,57.33333333,2
6480,1.2028657,4.8662112,14.0892333,55.5,2
6495,1.2023622,4.8607636,14.0922088,54.75,2
6510,1.1975252,4.8612824,14.0867765,58,2
6525,1.203781,4.8608553,14.0857847,58.66666667,2
6540,1.2003939,4.8701325,14.0878296,57,2
6555,1.207367,4.8716432,14.0850218,58,2
6570,1.2052,4.8681641,14.0874633,58.33333333,2
6585,1.1993257,4.8711548,14.0897982,58.33333333,2
6600,1.1984256,4.8760528,14.082916,57.66666667,2
6615,1.196457,4.8736113,14.0843964,58.33333333,1
6630,1.2058411,4.8731384,14.0902861,59,1
6645,2.6173707,5.4490357,14.7883299,59,2
6660,1.566376,2.4614868,14.6350251,60,2
6675,1.428238,2.3829039,14.6369476,59,2
6690,1.4276583,2.36821,14.6396637,57,2
6705,1.4478302,2.3991546,14.6500548,48.5,2
6720,1.4330444,2.3435671,14.6605073,57.5,2
6735,1.3810424,2.3436737,14.6683958,58,1
6750,1.3746796,2.3372497,14.6573791,58,1
6765,1.6089476,3.3671721,15.1329653,57,2
6780,1.444992,2.7714692,14.6738128,59,2
6795,1.3205565,2.4431614,14.6398467,58.33333333,2
6810,1.3177338,2.4284211,14.6427916,57.25,2
6825,1.3182068,2.4209596,14.6429597,59,2
6840,1.3190919,2.4101106,14.6453705,57.66666667,2
6855,1.312256,2.4091492,14.6470643,58.66666667,2
6870,1.3186648,2.4136045,14.6506803,60,2
6885,1.3309935,2.4185942,14.649231,58.33333333,5
6900,1.3255156,2.4200592,14.6506042,56.33333333,5
6915,1.3304292,2.4209594,14.650238,57,5
6930,1.3280487,2.4185181,14.6462707,63.33333333,5
6945,1.3280335,2.4116209,14.6562196,65.66666667,5
6960,1.3202209,2.4038237,14.6541747,70,5
6975,1.3154296,2.3983002,14.7334747,70,5
6990,1.2398834,2.1987459,14.6935884,72,5
7005,1.2485962,2.2614441,14.7343141,69.33333333,5
7020,1.1062468,2.7612763,14.8106081,68.66666667,5
7035,1.0546416,2.3711243,14.6786955,66.33333333,5
7050,1.0501709,2.3559418,14.6842651,64.33333333,5
7065,1.0554658,2.3513794,14.6863095,62.66666667,5
7080,1.0547178,2.3450623,14.6787871,61.33333333,5
7095,1.0559845,2.3312225,14.6813658,68,5
7110,1.0535123,2.2663118,14.7202759,71.33333333,5
7125,1.0493316,2.1722867,14.7367555,72.33333333,5
7140,1.021637,2.122696,14.7452242,69.5,5
7155,1.0195466,2.0823822,14.720047,68.66666667,5
7170,1.0166015,2.0750122,14.7319947,68,5
7185,1.0234681,2.0675354,14.7266235,67.75,5
7200,1.016571,2.0533144,14.7223817,68.66666667,5
7215,1.0101318,2.0381164,14.7308198,68.5,5
7230,1.0126341,2.0366058,14.7283325,68,5
7245,1.0064696,2.0030975,14.757141,73.5,5
7260,0.9952698,1.9386748,14.7439728,78.66666667,5
7275,0.9971313,1.9401703,14.7456207,67.75,5
7290,1.0002289,1.9431302,14.7410431,67.66666667,5
7305,0.9986877,1.9381408,14.7450561,68,5
7320,0.9913941,1.9308625,14.7441712,68,5
7335,0.9923097,1.9337312,14.7426454,67.66666667,5
7350,0.9887849,1.924896,14.7422484,72.33333333,5
7365,0.9903565,1.9165648,14.7436523,78,5
7380,0.9970551,1.9229277,14.7626496,73.25,5
7395,0.9946594,1.8850097,14.7637325,68.66666667,5
7410,0.9921571,1.785553,14.8450624,69,5
7425,0.9758758,1.7447968,14.7615204,67,5
7440,0.9817505,1.7374116,14.7693938,63.66666667,5
7455,0.9802704,1.7369997,14.7673797,64.33333333,5
7470,0.9763185,1.7276153,14.7723997,68,5
7485,0.9723206,1.6770325,14.7828218,75.33333333,5
7500,0.9952242,1.5780181,14.8427126,68.5,5
7515,0.9785614,1.4889067,14.7937317,64.75,5
7530,0.9815215,1.4781187,14.7942046,60.33333333,5
7545,0.9862672,1.4751128,14.7922515,58.5,5
7560,0.9856415,1.4002379,14.8843079,61.66666667,5
7575,0.9733582,1.3265532,14.8063356,66,5
7590,0.9694519,1.3132629,14.8083497,65,5
7605,0.9777374,1.315155,14.8009034,62.33333333,5
7620,0.9743806,1.3151855,14.8077391,61.33333333,5
7635,0.9763642,1.3132323,14.8122101,65,5
7650,1.1209565,1.6063995,15.014801,60.33333333,5
7665,1.3485412,2.3422545,14.7151947,61,1
7680,1.2490998,2.1484377,14.6855163,70,1
7695,1.5417174,5.5167238,15.113205,69,1
7710,0.0888364,4.6057587,14.1997679,90.33333333,1
7725,0.0844879,4.5633698,14.2070922,57.5,5
7740,0.0710605,4.554901,14.2318422,58,5
7755,0.0684355,4.5563202,14.2332917,57.33333333,2
7770,0.0768128,4.5662384,14.2397156,61,2
7785,0.0835572,4.574646,14.2247315,61,2
7800,0.0777285,4.5755615,14.2255404,58,2
7815,0.0693513,4.576126,14.2266845,63.33333333,2
7830,0.0660097,4.584442,14.2263642,67.66666667,2
7845,0.0664522,4.5608061,14.2324372,68,2
7860,0.0645143,4.547989,14.2349244,59,2
7875,0.0616305,4.5543516,14.2355347,59.33333333,2
7890,0.0600738,4.56517,14.2331237,60,2
7905,0.0547182,4.5651704,14.2279663,63.33333333,2
7920,0.0557405,4.5617065,14.2306518,64.66666667,2
7935,0.0523833,4.5524139,14.2366639,62.66666667,2
7950,0.0532839,4.5558014,14.2312319,63,2
7965,0.0482027,4.5524292,14.2365875,59.66666667,2
7980,0.0464173,4.5454864,14.2312624,63,2
7995,0.0578155,4.5568541,14.2393648,63.33333333,2
8010,0.0744173,4.5553892,14.2270662,62.5,2
8025,0.0659487,4.5524292,14.232361,62,2
8040,0.062134,4.5430451,14.2422946,62,2
8055,0.0674439,4.5460204,14.2319337,60.25,2
8070,0.0842437,4.5533751,14.2282105,60.5,2
8085,0.0969545,4.5667572,14.2273713,55.5,2
8100,0.0949096,4.5726622,14.2253267,59.5,2
8115,0.0919802,4.5750426,14.2254791,59,2
8130,0.0876466,4.5721435,14.2258149,59.66666667,2
8145,0.0851443,4.5686798,14.2229768,61.66666667,2
8160,0.0811462,4.5677338,14.2246247,57,2
8175,0.0777588,4.5725858,14.2280427,60.66666667,2
8190,0.0796663,4.5691833,14.2280731,62,2
8205,0.0773164,4.5666501,14.2231598,62,2
8220,0.0484008,4.6095427,14.223648,62,2
8235,0.0406953,4.6011656,14.2159884,61.66666667,2
8250,0.039917,4.5991362,14.2158965,63,2
8265,0.0415801,4.599182,14.2160034,60.66666667,2
8280,0.0434723,4.58934,14.2198029,60,2
8295,0.0375214,4.5844113,14.2192534,61.66666667,2
8310,0.0392914,4.5946958,14.2193299,59.33333333,2
8325,0.040329,4.5947722,14.2212982,63.66666667,2
8340,0.0447084,4.5987091,14.2165524,63,2
8355,0.0441894,4.5917661,14.220871,61.33333333,2
8370,0.0530397,4.5947263,14.2211608,63.33333333,2
8385,0.0516358,4.592758,14.2225036,61,2
8400,0.0506436,4.591812,14.2199707,62,2
8415,0.0521545,4.5952455,14.2186431,63.66666667,2
8430,0.0551148,4.600189,14.216751,62,2
8445,0.0549772,4.59523,14.2215117,61.66666667,2
8460,0.0570221,4.5947264,14.22348,63,2
8475,0.0598299,4.5912628,14.2225341,64,2
8490,0.0550691,4.6051329,14.2143555,63,2
8505,0.0575101,4.6105497,14.2098388,62.33333333,3
8520,0.0580903,4.6109922,14.2191622,63.33333333,3
8535,0.0604857,4.6021573,14.2148437,60.5,2
8550,0.0618745,4.6057128,14.2113038,61,2
8565,0.0624693,4.6012112,14.2120973,62,2
8580,0.058441,4.594772,14.2119599,60.33333333,2
8595,0.0615385,4.6035765,14.2154083,62,2
8610,0.0619813,4.5961912,14.2173616,61,2
8625,0.0648345,4.6020964,14.2120056,62.66666667,2
8640,0.0673829,4.5975799,14.2325745,61,2
8655,0.076538,4.5483551,14.2298431,58,3
8670,0.0804749,4.5572968,14.2259979,58,3
8685,0.0770568,4.5675964,14.2216795,60.66666667,2
8700,0.0769806,4.5607299,14.2294006,59.66666667,2
8715,0.0815276,4.564163,14.2296141,60.66666667,2
8730,0.0864104,4.5686185,14.2223206,62,2
8745,0.0838469,4.5695038,14.2287904,63,2
8760,0.0858612,4.5612486,14.2281341,61,2
8775,0.0888671,4.5616454,14.2285919,61.33333333,2
8790,0.0874479,4.5592194,14.2296448,60.33333333,2
8805,0.0857391,4.5621339,14.221878,59.66666667,2
8820,0.0854337,4.5592497,14.231491,61.33333333,2
8835,0.092224,4.5631257,14.2272796,60.66666667,3
8850,0.0912169,4.5498352,14.2315827,61.66666667,3
8865,0.0912627,4.5577698,14.2306517,62,3
8880,0.0926359,4.5576935,14.2336883,60.33333333,3
8895,0.0961608,4.5611419,14.2253723,61.33333333,3
8910,0.0991057,4.5543211,14.2291411,62,3
8925,0.0583498,4.6455231,14.2092438,62,3
8940,0.0477604,4.6494444,14.2131347,62,3
8955,0.042328,4.6464998,14.203659,62,3
8970,0.0442353,4.6470337,14.2078094,63.33333333,3
8985,0.0382692,4.6470337,14.1985778,60.66666667,3
9000,0.038666,4.6332094,14.2120209,63,3
9015,0.0400085,4.6366883,14.2089539,62.66666667,3
9030,0.0399475,4.6382292,14.2026825,63,3
9045,0.041214,4.6361695,14.2090302,65.33333333,3
9060,0.0386963,4.638199,14.2065126,60.33333333,3
9075,0.0410004,4.6361846,14.2002413,59.66666667,3
9090,0.041626,4.6336825,14.2060853,60,3
9105,0.0438081,4.6376954,14.2054443,61,3
9120,0.043213,4.6336976,14.2064972,61,3
9135,0.0435638,4.6307527,14.2099,60.5,3
9150,0.0455016,4.635193,14.2038423,61,3
9165,0.0432281,4.6331635,14.2067108,62,3
9180,0.0458222,4.6375884,14.206833,62,3
9195,0.0454406,4.6297915,14.2067109,61.66666667,3
9210,0.0500031,4.6342622,14.2039491,59.66666667,3
9225,0.0494842,4.6263275,14.2115785,62,3
9240,0.0492861,4.6277619,14.2071229,59.75,3
9255,0.04776,4.6282657,14.2066497,59,3
9270,0.0546875,4.6278077,14.2153627,60,3
9285,0.0540926,4.6805418,14.1976624,61,3
9300,0.0486756,4.6865081,14.1907045,60,3
9315,0.046402,4.6811218,14.1895143,60.33333333,3
9330,0.0455169,4.6800691,14.1944123,60,3
9345,0.0457764,4.6721955,14.1869203,60,3
9360,0.0419921,4.6810762,14.1962434,59.75,3
9375,0.0417786,4.6776277,14.1936949,60.5,3
9390,0.0424958,4.6780852,14.1987916,60,3
9405,0.040024,4.68396,14.1915284,60,3
9420,0.0404817,4.6820831,14.1974334,59,3
9435,0.0390167,4.6737061,14.1969606,59.66666667,3
9450,0.0408937,4.6633149,14.195984,59.66666667,3
9465,0.0420684,4.665329,14.1925203,60,3
9480,0.0393219,4.6697539,14.1960602,60,3
9495,0.0413515,4.6717225,14.195053,60,3
9510,0.0399018,4.6667632,14.1917115,59.66666667,3
9525,0.0433349,4.6618652,14.1872864,59.5,3
9540,0.0409242,4.6672668,14.1961364,59,3
9555,0.0433655,4.6720734,14.199585,61,0
9570,0.0439146,4.6706696,14.1966402,61,0
9585,0.0453491,4.6657106,14.2005159,61,1
9600,0.2434997,4.2501983,14.4484864,61,1
9615,4.8811187,3.6546631,14.3299867,61,1
9630,3.7514955,2.9554445,14.0924529,96,1
9645,3.5760802,3.0776367,14.1181946,69,1
9660,3.3639983,3.2273406,14.1317749,53.5,1
9675,3.3439482,3.2209624,14.1367646,50,1
9690,3.3330382,3.2248841,14.1397402,55,1
9705,3.3270874,3.2292786,14.1380157,58.66666667,0
9720,3.3142852,3.228836,14.1445618,56.75,0
9735,3.3055114,3.2181243,14.2133942,63,0
9750,3.3649902,3.1298981,14.3449554,61,0
9765,3.1907348,2.879837,14.2367706,52,1
9780,3.1754915,2.8072207,14.2864379,57,1
9795,3.1306763,2.7870637,14.2946623,52,1
9810,3.121338,2.7497408,14.2628021,53,1
9825,3.1227874,2.7433322,14.2648315,53,1
9840,3.1154175,2.7492677,14.2693634,53.33333333,1
9855,3.1064758,2.7531587,14.2998656,53.5,1
9870,3.0986481,2.7492831,14.2726438,54.66666667,1
9885,3.0991365,2.7433627,14.2716066,55,1
9900,3.0936889,2.7541353,14.2745971,58.5,1
9915,3.0942382,2.7413941,14.2734374,62,2
9930,3.0882262,2.7384492,14.2801209,63.33333333,2
9945,3.0886841,2.7314757,14.2824858,61.66666667,2
9960,3.0867159,2.7270354,14.276718,51.66666667,2
9975,3.0872042,2.7364047,14.27919,54.33333333,2
9990,3.0911863,2.7265627,14.2800139,59,2
10005,3.0916442,2.7221374,14.2815396,58.33333333,2
10020,3.0880279,2.7166902,14.2907105,57.66666667,2
10035,3.0821228,2.6930998,14.2895356,51.5,2
10050,3.0772857,2.7000121,14.2858734,53.5,2
10065,3.0797424,2.7034455,14.2894134,56.66666667,2
10080,3.0763091,2.7039642,14.284668,58,2
10095,3.0797272,2.7058563,14.2879335,59,2
10110,3.0768585,2.699005,14.288788,59,2
10125,3.075714,2.7023926,14.2923737,57.75,2
10140,3.0801238,2.6827391,14.2862853,53.5,2
10155,3.0712586,2.6925352,14.3011169,54.75,0
10170,3.0580138,2.693512,14.3017274,57.66666667,0
10185,2.961319,2.7147063,14.4936372,58,0
10200,1.281723,5.4003755,14.3584593,58.66666667,0
10215,0.9910431,5.2219542,14.0277254,81.5,0
10230,0.7673799,5.127182,14.0135498,74.66666667,0
10245,0.6960756,5.1197508,14.0175627,62.5,0
10260,0.6602171,5.115738,14.0281371,69,0
10275,0.6474605,5.1088104,14.0243989,50.66666667,0
10290,0.6390989,5.1118011,14.0177916,56,0
10305,0.6346741,5.1156312,14.0227204,55.66666667,0
10320,0.6331938,5.1112822,14.0329285,56,0
10335,0.6274415,5.1087188,14.0359649,52.25,0
10350,0.6272735,5.1181945,14.0243683,53,0
10365,2.306076,6.000656,15.7213133,57,1
10380,1.3101043,2.3370818,15.4433136,62.33333333,1
10395,0.3472135,0.6877748,14.8509062,52,2
10410,0.3289335,0.7104035,14.842041,57,2
10425,0.3255005,0.7162935,14.8544922,50,2
10440,0.3388516,0.7256776,14.8535916,52.75,2
10455,0.3298949,0.7281341,14.8484955,53,2
10470,0.3348387,0.7306366,14.8481444,51.75,2
10485,0.3466947,0.7325898,14.8473358,51,2
10500,0.3372802,0.7380372,14.8486938,51,2
10515,0.3333128,0.7380066,14.845215,55,2
10530,0.3230436,0.7517397,14.849411,55.33333333,2
10545,0.3199463,0.7714691,14.8460998,53.66666667,2
10560,0.3224791,0.7700195,14.8456879,51.66666667,2
10575,0.3180849,0.7729186,14.8476716,52.66666667,2
10590,0.3146514,0.7733612,14.8480836,55.33333333,2
10605,0.3358002,0.7694241,14.8438569,51.33333333,2
10620,0.3233948,0.7744599,14.8511504,54.33333333,2
10635,0.312683,0.7694853,14.8431853,54.5,2
10650,0.3161315,0.7675169,14.8423612,56,2
10665,0.3185577,0.7640839,14.8501586,58.5,2
10680,0.3233946,0.7694855,14.8511659,59,2
10695,0.3308257,0.7734069,14.84935,57.5,2
10710,0.3200378,0.7684784,14.8463136,57.5,2
10725,0.3239592,0.7679442,14.8452757,56.5,2
10740,0.3292999,0.7689667,14.8469084,56,2
10755,0.3313139,0.7689819,14.859924,59,2
10770,0.3225401,0.7679597,14.8501587,57.66666667,2
10785,0.3302763,0.7650605,14.8445127,57.66666667,2
10800,0.3239594,0.7640531,14.8496704,58.33333333,2
10815,0.3224488,0.7670287,14.8545075,58.66666667,2
10830,0.3274687,0.7635802,14.847641,56.66666667,2
10845,0.3195646,0.7567138,14.8446961,57.66666667,2
10860,0.323471,0.7577057,14.8492278,59,2
10875,0.3323211,0.7592011,14.8475038,59,2
10890,0.3303678,0.7581481,14.8455047,58.25,2
10905,0.3332823,0.7571716,14.8519133,58,2
10920,0.32843,0.75914,14.8503114,59,2
10935,0.3253936,0.7576447,14.8468933,59,2
10950,0.3229674,0.7551726,14.8448639,57,2
10965,0.3244779,0.7562104,14.8489381,58.33333333,2
10980,0.3298492,0.7547455,14.8489991,59,2
10995,0.3362119,0.7547608,14.8494262,58.33333333,2
11010,0.3328399,0.7488099,14.8488463,55.33333333,2
11025,0.3256072,0.7492978,14.8572235,57.33333333,2
11040,0.3323515,0.7527466,14.8504028,59,2
11055,0.334793,0.7488097,14.8524474,58,2
11070,0.3293762,0.7512358,14.8471223,57.75,2
11085,0.3293609,0.7586209,14.8495329,58,2
11100,0.3391724,0.7523041,14.8504027,58.66666667,2
11115,0.3338317,0.752182,14.8475951,57.33333333,2
11130,0.3391876,0.7483062,14.8470307,56.66666667,2
11145,0.3333434,0.7507782,14.8465268,57.66666667,2
11160,0.3372193,0.7532347,14.8495331,56.33333333,2
11175,0.3323208,0.7508085,14.8483886,56,2
11190,0.3383024,0.7503051,14.8499908,57,2
11205,0.3337706,0.7443848,14.8523406,58.66666667,2
11220,0.3328552,0.749771,14.8505554,58.66666667,2
11235,0.3356932,0.7448733,14.8510742,57.33333333,2
11250,0.3357392,0.7502747,14.8466796,57.33333333,2
11265,0.3362578,0.7454072,14.8486784,58.33333333,2
11309,0.3366548,0.7409668,14.8515471,59,2
11324,0.335266,0.7438814,14.8529204,59,2
11339,0.3334044,0.7409669,14.8470916,58.33333333,2
11354,0.3431701,0.7389679,14.8485566,58.33333333,2
11369,0.3417054,0.7418976,14.8482665,57.5,2
11629,0.3372955,0.7295838,14.8521729,58,2
11644,0.3432006,0.7340545,14.8513488,57.5,2
11659,0.3451232,0.7395021,14.8610076,58.75,2
11674,0.6946718,1.4695281,14.8437651,58.66666667,3
11689,3.2596436,2.7908936,14.79895,55,2
11704,3.2957456,0.9021911,14.4665224,47,2
11770,2.3571929,3.9085234,14.173462,49,3
11810,2.3236693,3.9055632,14.1831665,52,2
11825,2.3241578,3.9482726,14.2103881,56.5,2
11840,2.3034667,3.8952178,14.1833648,54,0
11855,2.2956695,3.8941956,14.180786,50,0
11870,2.2896729,3.8981626,14.1816254,50,2
12190,2.2334289,3.8701324,14.1984102,57,1
12230,2.2304078,3.8607177,14.198349,58,1
12245,2.2324068,3.855789,14.1997528,56,0
12260,2.2367708,3.8646087,14.2004396,56.66666667,0
12275,2.2353822,3.8740691,14.2004853,61,1
12290,2.2246399,3.8769986,14.1920624,60.66666667,1
12330,2.2206876,3.8784179,14.1978452,69,1
12345,2.2220917,3.8646696,14.2022859,66.5,2
12360,2.2187194,3.8686368,14.1987763,60.75,2
12375,2.2166595,3.8715821,14.1967621,61.66666667,2
12390,2.2136688,3.8690644,14.1997681,57.5,1
12450,2.1941528,4.0164792,14.1660004,68,1
12490,2.1795045,4.0233,14.1717223,68,1
12505,2.1917264,4.0169678,14.1742097,67.33333333,2
12631,2.1942291,4.0313109,14.169403,65,5
12752,2.1809082,4.0234069,14.1663512,60,5
12812,2.2195588,4.9806976,13.9794464,60,5
12872,2.1843872,4.9804381,13.8865966,65,5
12932,2.1631929,4.9519654,13.884659,59,5
13052,2.1479492,4.9469912,13.8912202,64,5
13152,2.1539156,4.9736938,13.872162,64,5
13432,0.9386445,3.6614227,14.4383998,62,5
13492,0.9130248,3.5356904,14.4627535,60,5
13507,0.9102474,3.5154876,14.46846,60,5
13552,0.9031525,3.4410859,14.48497,51,5
13567,0.9125213,3.4287413,14.4906159,51,5
13612,0.8757935,3.281311,14.5259552,58,5
13627,0.8576201,3.2571411,14.5319213,58,5
13812,0.8978577,2.6327666,14.6412506,59,5
13872,0.9078216,2.5943604,14.6453093,57,5
13887,1.2835846,2.4193878,14.7205352,57,5
13932,1.1752319,2.3379363,14.6714172,58,5
13992,1.0517884,2.1924742,14.7057953,59,5
14007,1.045456,2.190918,14.7053986,60.75,5
14051,0.8442995,2.2468569,14.7128448,63,5
14066,0.8064878,2.1694946,14.7238006,63,5
14081,0.8144225,2.181839,14.7174073,61.66666667,5
14096,0.8242799,2.1492766,14.7257691,62,5
14111,0.8160095,2.1315001,14.7271882,62.66666667,5
14151,0.8473815,2.132553,14.7275848,54,5
14166,0.8523865,2.1236877,14.7241976,53.5,5
14211,0.7547761,2.0403597,14.743042,55,5
14226,0.7563785,2.043274,14.7440949,54.33333333,5
14271,0.7416993,2.0117342,14.7465057,72,5
14286,0.748581,2.0014039,14.7481688,68,5
14301,0.7756502,2.0073241,14.7492218,49.5,5
14316,0.7761076,2.0187075,14.7544098,54.66666667,5
14331,0.768814,1.9777834,14.7500612,60,5
14346,0.7717745,1.9787597,14.7461853,62,5
14361,0.7722627,1.981247,14.7426909,62,5
14376,0.77182,1.9895325,14.7641297,62,5
14411,0.7610322,1.985138,14.7535859,64,5
14426,0.7619475,1.9747769,14.7471922,64,5
14511,0.7537993,1.9147492,14.7589873,68,5
14526,0.7458496,1.9397734,14.7588197,66.75,5
14591,0.7392578,1.8550721,14.7641598,61,5
14606,0.7348479,1.8314057,14.7685089,61.33333333,5
14621,0.737808,1.8250427,14.7641448,57.5,5
14636,0.7416839,1.8314362,14.7625579,55,5
14671,0.7708433,1.6076202,14.9963227,57,5
14686,0.7870637,1.128006,14.8247377,56,5
14751,0.792923,1.1521758,14.8209077,63,5
14766,0.8072507,1.1280668,14.8277283,63,5
15212,4.2997133,10.4895937,9.9191894,50,5
15227,4.2725373,10.5240478,9.9038695,53.33333333,5
15242,4.2543944,10.559494,9.9160766,57,5
15257,4.2387239,10.5625457,9.8841402,59,5
15272,4.2447968,10.5545959,9.9112702,58.5,5
15287,4.2119292,10.5477447,9.8984528,59,5
15302,4.2173003,10.5581208,9.904953,56.33333333,5
15317,4.2006989,10.5708468,9.9080351,57.33333333,5
15332,4.1872254,10.565903,9.8888857,57,5
15347,8.3117522,9.8429412,14.1625521,57,5
15362,3.5888217,9.2924039,14.4409945,72,5
15377,0.1441038,6.0715027,13.7015383,60.33333333,5
15392,0.1165007,6.0567781,13.6757355,61.5,5
15407,0.1272583,6.0428468,13.6899416,63,5
15422,0.13443,6.0108643,13.7011415,58.66666667,5
15437,0.1542967,5.9275057,13.720642,57.66666667,5
15452,0.1651765,5.9491273,13.7113955,56.33333333,5
15467,0.160187,5.9427489,13.7170716,54,5
15482,0.1635589,5.9112092,13.7123108,53.25,5
15497,0.1685637,5.9368439,13.7173158,54,5
15512,1.0225372,6.2209167,14.1250457,55,5
15527,1.7000429,3.6202544,14.5363007,56,5
15542,4.3699952,7.5922088,11.5304564,68.66666667,5
15557,1.8906861,3.211151,16.4646606,77.33333333,5
15572,0.4496002,1.1842346,14.8634034,82.33333333,5
15587,0.4783631,1.2424011,14.8512267,65.66666667,5
15602,3.3685911,2.0103456,15.0076903,68,5
15617,6.6582948,4.6048889,14.4487,82,5
15632,6.0378723,3.46286,13.1118623,63,5
15647,5.9929655,3.4651946,13.1341094,63,5
15662,5.9800415,3.47554,13.1389464,60.33333333,5
15677,5.9623109,3.4883422,13.1487273,65,5
15692,5.9628908,3.5060269,13.1547701,64.33333333,5
15707,5.9500428,3.5059964,13.1559448,63.66666667,5
15722,5.9333496,3.496704,13.1520384,66.66666667,5
15737,5.9835662,4.0209503,13.4201659,69.66666667,5
15752,7.6492309,10.4272001,13.2488403,70.33333333,5
15767,4.8815156,5.7261963,13.8414458,73,5
15782,3.8083192,4.934555,13.53302,69.75,5
15797,3.7364198,4.9503786,13.5407563,63,5
15812,3.6778871,4.9837493,13.5516967,62.66666667,5
15827,3.6582644,4.9804078,13.5533141,61.5,5
15842,3.6138915,5.0491487,13.6089477,62,5
15857,3.5057983,5.0729674,13.570038,64,5
15872,3.4698485,5.0764616,13.5715487,58,5
15887,3.3992003,5.0812224,13.6163787,54.66666667,5
15902,3.3383483,5.0872955,13.6048279,55.66666667,5
15917,3.3369598,5.1083984,13.5951081,58.66666667,5
15932,3.3304748,5.1197815,13.5852967,59,5
15947,3.3393553,5.1163638,13.5863802,58.5,5
15962,3.3374786,5.1167906,13.5918428,56.33333333,0
15977,3.3132325,5.3846894,13.5294953,55.33333333,1
15992,3.2763671,5.7294464,13.3637999,55.66666667,1
16007,3.2207489,5.7955932,13.4019624,55,2
16022,3.2159424,5.6969756,13.3989867,55,1
16037,3.2348174,5.7043611,13.3853457,54.66666667,1
16052,3.2032165,5.7266387,13.3754274,54,0
16067,3.2077485,5.7320253,13.3782653,54,0
16082,3.2025147,5.7384033,13.3720396,53,0
16097,3.2265167,5.7335051,13.3805543,53.33333333,1
16112,3.2211152,5.725174,13.3887939,55.5,1
16127,3.2348633,5.7522277,13.3764648,58.33333333,0
16142,3.2275084,5.7507324,13.3846588,54,0
16157,3.2232363,5.7408905,13.3592987,53,0
16172,3.2134859,5.7517699,13.3549499,53.5,0
16187,3.2079469,5.7527314,13.3809052,56.5,0
16202,3.3468018,6.0481567,13.2727965,56,0
16217,3.3233337,6.0502625,13.2337492,52.66666667,0
16232,3.3096312,6.0226441,13.2191313,52.33333333,0
16247,3.2957917,6.0384217,13.2241515,52,0
16262,3.2973176,6.0335085,13.220169,52,0
16277,3.2959597,6.0374604,13.2211609,52.5,0
16292,3.2890017,6.0438691,13.2177276,53.33333333,0
16307,3.297882,6.043335,13.2187805,55.25,1
16322,3.3021242,6.098358,13.2574922,60.66666667,0
16337,3.2702331,6.0473328,13.2260284,58,0
16352,3.2763216,6.0592497,13.224945,59.33333333,1
16367,3.2536165,6.0611113,13.233078,57.5,1
16382,3.2311554,6.0132599,13.2622986,54.66666667,1
16397,3.237137,6.0708771,13.280136,56.66666667,1
16412,3.2116547,5.9644317,13.2771606,57,1
16427,3.1872408,6.0540467,13.272949,56,1
16442,3.1313631,6.1351012,13.2244263,54.5,2
16457,3.1258241,6.1435242,13.2189484,55,2
16472,3.1275331,6.1371001,13.222702,54.33333333,2
16487,3.1161043,6.1449127,13.2274475,54,2
16502,3.1464082,6.1582795,13.2327119,54,2
16517,3.1297913,6.1335907,13.2279511,54,2
16532,3.127884,6.1488799,13.2338103,55.66666667,2
16547,3.1042024,6.1390227,13.2291868,56.33333333,2
16562,3.1031649,6.1355589,13.2296907,57.33333333,2
16577,3.1130984,6.1380156,13.2351839,56.66666667,2
16592,3.1204835,6.1296995,13.2335664,57.66666667,2
16607,3.1077119,6.1326445,13.2297668,57.33333333,2
16622,3.1027986,6.1385801,13.2238008,56.5,2
16637,3.0983125,6.1493531,13.226776,60.5,2
16652,3.0984499,6.1474454,13.222702,58,2
16667,3.1033174,6.143585,13.2316132,57.33333333,2
16682,3.0980225,6.1480101,13.2257996,58,2
16697,3.095413,6.1538087,13.2268218,60.33333333,2
16712,3.0939635,6.1557312,13.2261813,56,2
16727,3.0958557,6.3748474,13.1901856,56,2
16742,3.0828855,6.297409,13.164871,56,2
16757,3.0840148,6.3013762,13.1616822,56.66666667,2
16772,3.0741883,6.3052978,13.1574095,56.33333333,2
16787,3.0702971,6.3053892,13.155609,57.66666667,2
16802,3.0742187,6.3107606,13.1605226,58.33333333,2
16817,3.0835874,6.3018643,13.1595152,56.33333333,2
16832,3.0786743,6.3013763,13.1567684,56,2
16847,3.0736693,6.2979125,13.1544797,57.66666667,2
16862,3.0790097,6.3062895,13.1624145,56.33333333,2
16877,3.0786894,6.3028258,13.1609344,54.5,2
16892,3.071701,6.3127287,13.1673888,59.75,2
16907,3.0707857,6.3052976,13.1625213,60.5,2
16922,3.0722657,6.3077849,13.1633451,58,2
16937,3.0688322,6.3063049,13.1624144,58.33333333,2
16952,3.0693207,6.3177185,13.1527404,59.33333333,2
16967,3.0688476,6.3162078,13.1632995,59,2
16982,3.071716,6.3146821,13.1548766,59,2
16997,3.0659637,6.3107757,13.1578674,59,2
17012,3.0697478,6.315216,13.1580201,59,2
17027,3.0708159,6.3152162,13.15506,60,2
17042,3.0776214,6.3131712,13.1609497,59,2
17057,3.0712889,6.3123322,13.1588744,59,2
17072,3.0673522,6.3123321,13.164398,59,2
17087,3.0721588,6.3215942,13.166336,59.66666667,2
17102,3.0796355,6.3142393,13.1590424,61,2
17117,3.0717164,6.3181607,13.1581726,59.33333333,2
17132,3.0743867,6.312332,13.1540375,57,2
17147,3.067276,6.3211366,13.152237,57.33333333,2
17162,3.0727997,6.3161163,13.1579286,59,0
17177,3.0786286,6.3058319,13.1550142,59,0
17192,3.0875703,6.3181456,13.1595766,55.66666667,0
17207,3.073761,6.316742,13.1538085,56.5,0
17222,3.5888214,7.8026581,14.5852201,58.66666667,0
17237,2.518051,4.3064574,15.4281463,59,0
17252,1.9999391,5.3269197,14.7157439,59,1
17267,3.8154757,8.6170197,13.4795838,65,1
17282,7.6555024,17.065857,10.1999816,65,1
17297,4.8397064,13.3771362,5.9252015,94,1
17312,4.5826722,13.1696014,5.819809,69,1
17327,4.5784608,13.1508791,5.8339841,58.66666667,1
17342,4.5686342,13.1512758,5.8341368,60.5,1
17357,4.5696261,13.1512604,5.8439179,60.33333333,1
17372,4.5629578,13.1422881,5.8663024,58.5,2
17387,4.5428925,13.0881958,6.0669861,59,2
17402,4.5308228,13.0357664,6.100189,60.25,2
17417,4.530304,13.0406798,6.0968779,60,2
17432,4.5297394,13.0440977,6.1006776,59,2
17447,4.5312043,13.0638122,6.1025544,59.25,2
17462,4.5190736,13.042099,6.1075746,59,2
17477,4.4997712,13.0608521,6.1162414,57.33333333,2
17492,4.4844054,13.0668032,6.0850219,54,2
17507,4.5362397,13.2103731,6.1265106,58.5,2
17522,4.4730835,13.0260469,6.9726866,59,2
17537,4.3595427,12.7825624,6.7370452,52.25,2
17552,4.2959137,12.6520536,7.00087,51,2
17567,4.2989349,12.6823118,6.9670412,54,2
17582,4.28714,12.6822815,6.9628143,53.66666667,2
17597,4.2881012,12.6802824,6.9673613,52.33333333,2
17612,4.2808991,12.6827849,6.9741516,56.33333333,2
17627,4.28273,12.6852109,6.9615173,53.66666667,2
17642,4.2777863,12.6901855,6.9625702,53,2
17657,4.2801971,12.6872558,6.9624786,57.66666667,2
17672,4.2680359,12.6841734,6.9674682,57.33333333,2
17687,4.2674562,12.6852415,6.9660951,55,2
17702,4.2674256,12.6930541,6.9642181,53.33333333,2
17717,4.2601777,12.687622,6.9661864,55,2
17732,4.2590942,12.6950532,6.9618834,56.75,2
17747,4.2547453,12.6920471,6.9750516,56,2
17762,4.2537538,12.6890564,6.9712372,55.5,2
17777,4.2459717,12.6910856,6.9777223,56,2
17792,4.2469024,12.6900786,6.975128,56,2
17807,4.2439422,12.6905668,6.9771422,56.33333333,2
17822,4.1893615,12.9881439,6.6954805,56,2
17837,4.1159517,12.9439851,6.5748598,56,2
17852,4.1150053,12.9454653,6.5723878,55.66666667,2
17867,4.113159,12.9400635,6.5725709,55,2
17882,4.1120604,12.9434511,6.5753631,56.66666667,2
17897,4.1062621,12.938553,6.5798034,55.33333333,2
17912,4.1096041,12.9414829,6.5726317,54.33333333,2
17927,4.1092224,12.939911,6.5880127,54.66666667,2
17942,4.1145325,12.9444124,6.5841979,58,2
17957,4.1081848,12.9429629,6.5768126,55.66666667,2
17972,4.1110536,12.9404907,6.5801999,56.66666667,2
17987,4.103058,12.9393158,6.6168822,56.5,2
18002,4.1054229,12.9330141,6.5962372,56.5,2
18017,4.1034545,12.9344177,6.5928803,54.33333333,2
18032,4.1058198,12.9389345,6.5967711,57.33333333,2
18047,4.1049347,12.9388428,6.6105652,57,2
18062,4.1014711,12.9354249,6.6007385,56,2
18077,4.0976258,12.9330291,6.6079712,57.33333333,2
18092,4.0995637,12.9334567,6.6094819,57,2
18107,4.1006315,12.93396,6.6094055,58,2
18122,4.0990907,12.9349365,6.6110077,56,2
18137,4.0995334,12.932022,6.601883,55.66666667,2
18152,4.0927736,12.9348754,6.6076967,57.66666667,2
18167,4.095154,12.9289703,6.6159515,58.5,2
18182,4.0908205,12.9314879,6.6101686,56.66666667,2
18197,4.0923005,12.9304808,6.6169588,57,2
18212,4.0913086,12.9358521,6.6062926,56,2
18227,4.0945892,12.9458314,6.6091615,58.33333333,2
18242,4.0882113,12.9383241,6.609146,58.33333333,2
18257,4.0867919,12.9363708,6.6138308,59,2
18272,4.0872652,12.9339295,6.6121979,56,3
18287,4.0848391,12.9358827,6.6079102,57.66666667,3
18302,4.0817719,12.9398501,6.6045532,59,2
18317,4.0793458,12.9433594,6.5997468,59,2
18332,4.0808411,12.9418184,6.6046449,57.66666667,2
18347,4.0822758,12.9463043,6.6011811,59,2
18362,4.0793306,12.9418489,6.6021881,59,3
18377,4.0817873,12.9408722,6.5984651,58.66666667,3
18392,4.0817568,12.9423524,6.5933838,57.66666667,2
18407,4.0798493,12.9433137,6.6007538,57,2
18422,4.0753631,12.9413606,6.6031496,57,2
18437,4.0788727,12.9467926,6.5973661,55.5,2
18452,4.0787662,12.9433748,6.5934447,56,2
18467,4.0758668,12.9428256,6.595398,55.5,2
18482,4.0777589,12.949707,6.6003266,57.66666667,2
18497,4.0767672,12.9502411,6.5919187,58.66666667,2
18512,4.0763245,12.9448091,6.5950014,56.66666667,3
18527,4.0809786,12.9726107,6.5741424,59,3
18542,4.0789644,12.9641573,6.5589904,58.66666667,3
18557,4.0794219,12.9612581,6.5566254,58.33333333,3
18572,4.0774538,12.9612124,6.558136,58.66666667,3
18587,4.0765687,12.961258,6.5562288,58,3
18602,4.0784303,12.9626774,6.5590972,57,3
18617,4.0794221,12.9642183,6.5635989,57.33333333,3
18632,4.074585,12.9607395,6.5605469,58,3
18647,4.0765382,12.9626771,6.5589903,58.25,3
18662,4.0784759,12.9631657,6.5624847,57.66666667,3
18677,4.0779571,12.9607545,6.5586699,57.66666667,3
18692,4.075882,12.9636997,6.5536804,56.66666667,3
18707,4.0794068,12.9592593,6.5626983,59.66666667,3
18722,4.0748902,12.965683,6.5600741,59,3
18737,4.0758364,12.9701234,6.5571747,59,3
18752,4.0753176,12.9671786,6.5581666,59,3
18767,4.0754546,12.9671329,6.5566864,59.66666667,3
18782,4.0783998,12.9676057,6.5541839,58.66666667,3
18797,4.0749511,12.9632417,6.556366,57.66666667,3
18812,4.0769196,12.9671021,6.552826,57,3
18827,4.0744021,12.9627075,6.5581664,58.33333333,3
18842,4.0744631,12.9632722,6.5582124,59,3
18857,4.0745238,12.9655914,6.5625,59,3
18872,4.0721283,12.9651035,6.5655516,58.33333333,3
18887,4.0707398,12.9587099,6.5844419,58,3
18902,4.0766755,12.9660494,6.5848387,57,0
18917,4.0780642,12.9591676,6.577194,56.66666667,0
18932,4.0731507,12.9646304,6.5707855,60.33333333,0
18947,4.0741579,12.9675601,6.5825348,59.66666667,0
18962,4.1855164,13.6133731,6.3996887,59.33333333,1
18977,4.9618532,12.814743,9.7177887,60,1
18992,6.3207244,9.4958649,11.0411987,60,0
19007,6.1386871,9.0248413,10.7298127,57,0
19022,6.1302796,9.0746001,10.7564243,55.66666667,1
19037,6.1105194,9.029724,10.7298429,48.5,1
19052,6.1191559,9.0675356,10.741867,51.25,0
19067,6.9851379,9.7436828,11.0507354,60.5,0
19082,7.9426269,8.4596557,9.7335816,75.5,0
19097,7.9583894,8.4288023,9.7098238,51,0
19112,7.9623563,8.4434358,9.8105926,53,0
19127,6.8084258,12.5526124,8.1162264,56.33333333,0
19142,5.1503752,13.4388734,4.7467041,58,0
19157,5.1762543,13.4509429,4.6607363,52.66666667,0
19172,5.1871186,13.4541166,4.6206208,51,1
19187,5.1920472,13.453186,4.6132964,53,1
19202,5.1953738,13.4527894,4.5995942,51.33333333,0
19217,5.2007142,13.449341,4.5917359,56.5,0
19232,5.2007601,13.4488374,4.5944977,53.75,1
19247,5.222992,13.49144,4.5504912,51.5,1
19262,4.2634432,12.2840574,10.3780365,59.66666667,1
19277,2.9541168,11.0841368,10.2155153,61.66666667,1
19292,3.1194763,11.6927184,9.4197847,58.66666667,1
19307,3.1594697,11.5852354,9.4145812,55,1
19322,3.1578215,11.5508726,9.437012,59,1
19337,3.1596833,11.5464779,9.4511107,59.75,1
19352,3.1631927,11.5326842,9.4443055,59,2
19367,3.2211913,11.5703732,9.4475709,60.5,2
19382,3.3246918,11.5482178,9.3776702,60,2
19397,3.3157958,11.545288,9.3821258,59.66666667,2
19412,3.3195954,11.550186,9.3812257,59.33333333,2
19427,3.3202208,11.5413664,9.3781281,60.66666667,2
19442,3.3190003,11.547348,9.3975829,61,1
19457,3.3351592,11.5476839,9.4627532,60.5,1
19472,3.3561861,11.4821932,9.4527131,59,2
19487,3.3496702,11.4816438,9.4538269,57,2
19502,3.3450775,11.4735109,9.5085601,57,2
19517,3.3362274,11.4557038,9.4911956,57,2
19532,3.3209534,11.466141,9.4947203,55,5
19547,3.3091276,11.4660341,9.4868621,55.33333333,5
19562,3.3155669,11.4645234,9.4817809,58.33333333,5
19577,3.3100738,11.4650728,9.487259,58,5
19592,3.3150483,11.4659577,9.4848478,58.66666667,5
19607,3.3146818,11.4625245,9.4814909,57.33333333,5
19622,3.3125609,11.4630434,9.4873505,58.33333333,5
19637,3.3087463,11.4616396,9.4872283,56.5,5
19652,3.3130645,11.4626008,9.4896085,58.5,5
19667,3.3185729,11.469452,9.4912567,59.66666667,5
19682,3.3231963,11.4470215,9.5274046,59.33333333,5
19697,3.3123473,11.4336853,9.5194701,59,5
19712,3.3143612,11.4293213,9.5250398,64.33333333,5
19727,3.3268126,11.4327392,9.6445466,64,5
19742,3.313385,11.381775,9.5853882,63.33333333,5
19757,3.3124542,11.3831787,9.5741119,63,5
19772,3.3148653,11.3871768,9.5785065,63.5,5
19787,3.3129424,11.3832246,9.5715485,61,5
19802,3.3138274,11.3981171,9.5944826,59.66666667,5
19817,3.3205414,11.4664612,9.5809632,66,5
19832,3.64888,11.8916168,9.0190581,69,5
19847,3.682251,11.7443085,9.0397795,65.25,5
19862,3.6736144,11.7231906,9.030136,60,5
19877,3.6751557,11.725586,9.0304258,59.66666667,5
19892,3.6727144,11.7231294,9.029953,58,5
19907,3.676117,11.7241057,9.0246735,58.66666667,5
19922,3.6756287,11.7255555,9.0309601,62.5,5
19937,3.670227,11.7221373,9.0364378,64,5
19952,3.6754762,11.7222443,9.0316009,67.66666667,5
19967,3.6712037,11.7290499,9.0318147,65,5
19982,3.6696169,11.728058,9.0294191,59,5
19997,3.6592866,11.7098082,9.1670838,59.66666667,5
20012,3.6396944,11.6909178,9.091095,65.66666667,5
20027,3.6407931,11.6869657,9.0895693,64,5
20042,3.6328737,11.6953428,9.0909272,58.5,5
20057,3.6352539,11.6864771,9.0895845,55.33333333,5
20072,3.6383057,11.6904294,9.0925752,61.75,5
20087,3.6378175,11.689987,9.0993958,65,5
20102,3.6377565,11.6820368,9.0882264,59,5
20117,3.6371613,11.6850584,9.0990143,58.33333333,5
20132,3.6407166,11.6839751,9.0903321,59,5
20147,3.7010041,11.7351075,9.20549,65.66666667,5
20162,3.645523,11.7211307,9.0403442,65.66666667,5
20177,3.638016,11.7204743,9.1152039,61.33333333,5
20192,3.6382448,11.6830291,9.0915833,59,5
20207,3.6432342,11.6880032,9.0931093,59,5
20222,3.6482699,11.672821,9.1170197,59,5
20237,3.6424866,11.6614837,9.1236879,63.5,5
20252,3.6430054,11.6605071,9.1162569,60,5
20267,3.6444704,11.660492,9.1186677,61.75,5
20282,3.6448824,11.6614838,9.119751,65,5
20297,3.6435242,11.6653746,9.1216127,67.25,5
20312,3.6410065,11.6595764,9.123581,59,5
20327,3.5964203,11.6051332,9.3394012,60,5
20342,3.5567932,11.5720674,9.2707521,65.66666667,5
20357,3.5479276,11.57103,9.2669679,62.66666667,5
20372,3.5498656,11.5701142,9.2721557,62,5
20387,3.5517426,11.5706329,9.2728577,58.75,5
20402,3.5572356,11.5691378,9.2828522,63,5
20417,3.5517122,11.5701142,9.2796021,63.25,5
20432,3.5482482,11.567154,9.2839507,59.5,5
20447,3.5532532,11.5687103,9.2838289,62.66666667,5
20462,3.5601503,11.5815277,9.289139,66.75,5
20477,3.5611878,11.588318,9.2669067,65,5
20492,3.5598144,11.5837708,9.2556459,61.25,5
20507,3.5538788,11.5843202,9.2623749,62,5
20522,3.5567474,11.58725,9.2643128,67,5
20537,3.5577545,11.581299,9.2722321,68,5
20552,3.5603334,11.5912019,9.2623136,66.33333333,5
20567,3.5613402,11.5872805,9.2645418,61,5
20582,3.5826724,11.5799256,9.3035583,69,5
20597,3.5579072,11.5643766,9.3151245,65.75,5
20612,3.5549926,11.5999298,9.3270722,57.5,5
20627,3.5563661,11.5555572,9.3145906,57.33333333,5
20642,3.565903,11.5540616,9.3197937,71,5
20657,3.5594791,11.5456389,9.3100128,70.66666667,5
20672,3.568268,11.5456389,9.3061982,72,5
20687,3.5658266,11.5451506,9.3071748,65,5
20702,3.560074,11.5474546,9.3027192,59,5
20717,3.5619203,11.5426331,9.3047333,61.5,5
20732,3.6070862,11.5639494,9.4656678,64.33333333,5
20747,3.6068876,11.6521759,9.245453,67.33333333,5
20762,3.5763857,11.6219939,9.2077942,66,5
20777,3.5724945,11.6205444,9.2078859,64,5
20792,3.5777894,11.6269074,9.2092436,65,5
20807,3.5719606,11.6239168,9.1997072,63.66666667,5
20822,3.5743716,11.6264191,9.213028,64.66666667,5
20837,3.588379,11.5520327,9.3357239,76,5
20852,3.5915527,11.5020751,9.3596038,58,5
20867,3.5851288,11.4967196,9.3628541,57.33333333,5
20882,3.5856322,11.4922485,9.3730772,59,5
20897,3.5957183,11.514206,9.4096832,58.66666667,5
20912,3.5915374,11.4937899,9.3649901,59,5
20927,3.594467,11.4951781,9.3604888,60.33333333,5
20942,3.5920259,11.4908295,9.3625792,62.33333333,5
20957,3.5949709,11.4927979,9.3649291,60,5
20972,3.5984343,11.4976808,9.3610991,63,5
20987,3.598465,11.4996034,9.3568726,61,5
21002,3.5973968,11.5025175,9.3558961,59,5
21017,3.9703982,11.7930756,9.1853791,60.5,5
21032,3.921753,11.574829,9.1788636,59.5,5
21047,3.9074707,11.5522004,9.1724244,54,5
21062,3.8623811,11.5685729,9.2495727,59.33333333,5
21077,3.7689973,11.5326843,9.2517852,62.66666667,5
21092,3.7665406,11.5312653,9.2517547,64,5
21107,3.7577209,11.5239562,9.2648162,63.5,5
21122,3.7620849,11.5243986,9.2677763,66.66666667,5
21137,3.7616579,11.5249481,9.2613372,68.33333333,5
21152,3.765457,11.5249022,9.2634429,65,5
21167,3.7592468,11.5253294,9.2580565,64,5
21182,3.7650602,11.533325,9.2778473,66.33333333,5
21197,3.773285,11.5792542,9.2998964,64.66666667,5
21212,3.7775268,11.5588074,9.2456511,64.5,5
21227,3.7805328,11.5646056,9.2337191,68,5
21242,3.7726441,11.5577088,9.2258301,61.75,5
21257,3.7755433,11.5558165,9.233551,64,5
21272,3.757309,11.5331878,9.3049926,66.66666667,5
21287,3.7556613,11.5377196,9.265854,73,5
21302,3.7457886,11.5303649,9.271332,73,5
21317,3.7398377,11.5265046,9.2726594,60.33333333,5
21332,3.7481077,11.5210264,9.2776491,59,5
21347,3.7457735,11.5191497,9.3001404,61.33333333,5
21362,3.7489929,11.5097047,9.2942657,65,5
21377,3.7476197,11.5063629,9.2934878,62.5,5
21392,3.7436524,11.5072938,9.2914277,62,5
21407,3.751053,11.5053101,9.2890626,63,5
21422,3.7552645,11.6348116,9.3968201,61,5
21437,3.5352478,14.5081022,4.3246614,62,5
21452,3.4743042,14.4048767,3.3886415,62.33333333,5
21467,3.465973,14.4024047,3.3802948,62,5
21482,3.4689637,14.4067381,3.3773042,48.5,5
21497,3.4784089,14.4071351,3.356949,51.66666667,5
21512,3.689911,14.454483,3.2559205,54.5,5
21527,4.1241913,14.5480501,1.8143463,54,5
21542,4.1000976,14.526764,1.7035065,64.33333333,5
21557,4.0938108,14.5331271,1.6813203,60.25,5
21572,4.0956422,14.5299988,1.6570435,59,5
21587,4.0932161,14.530884,1.6376037,58.66666667,5
21602,4.0865785,14.5332336,1.6252289,58,5
21617,4.0979157,14.5372008,1.627121,58.5,5
21632,4.0685122,14.6200103,1.5375214,59,5
21647,4.0506897,14.5671234,1.4985962,59.33333333,5
21662,4.0427548,14.559677,1.4888459,61,5
21677,4.0428465,14.5655517,1.4819793,59.25,5
21692,4.0464477,14.5644683,1.4717713,61,5
21707,4.0479583,14.5645444,1.4800567,61,5
21722,4.0459746,14.5590361,1.4728549,63.33333333,5
21737,4.0419464,14.5610352,1.4708251,62,5
21752,4.042145,14.561981,1.4655457,64,5
21767,4.0466154,14.5658874,1.4553222,65.66666667,5
21782,4.0446166,14.5599822,1.4502716,62.66666667,5
21797,4.0426331,14.5658567,1.4494936,58.66666667,5
21812,4.0446777,14.5594635,1.444046,59,5
21827,4.0437622,14.5633696,1.4392395,63,5
21842,4.0412901,14.5599365,1.4403076,62.33333333,5
21857,3.9795074,14.6510925,1.64563,61.66666667,5
21872,3.9065094,14.5808258,1.6063384,59,5
21887,3.908966,14.5763855,1.6071777,59.33333333,5
21902,3.9104308,14.5822449,1.6107026,57.33333333,5
21917,3.9103697,14.5778809,1.6137238,57.66666667,5
21932,3.9916837,14.5872497,1.60408,62.5,5
21947,3.9804994,14.5670014,1.5837401,69.33333333,5
21962,4.0056458,14.5746461,1.5456696,69.66666667,5
21977,4.0104523,14.5578919,1.5354004,58.5,5
21992,4.0134584,14.5627441,1.5292816,59.66666667,5
22007,4.002533,14.5647888,1.5451661,59.75,5
22022,4.5450135,14.6123961,1.0180512,64,5
22037,4.4454803,14.4978638,0.8509064,66,5
22052,4.4455108,14.4884339,0.8513641,67.33333333,5
22067,4.4528808,14.4933627,0.845871,65.66666667,5
22082,4.4839478,14.5067138,1.0159759,65,5
22097,4.4507293,14.4838106,0.990326,67,5
22112,4.4484404,14.4796597,0.9697722,65,5
22127,4.4445038,14.4801329,0.9585725,64.33333333,5
22142,4.447052,14.4781646,0.95578,62.5,5
22157,4.4401548,14.4796446,0.9550017,55,5
22172,4.4466399,14.4840391,0.953125,61.75,5
22187,4.430481,14.5180204,1.1643218,64.33333333,5
22202,4.3685912,14.4840242,1.2708737,63.5,5
22217,4.3662417,14.4844665,1.2683564,62,5
22232,4.3598482,14.4781038,1.2605439,59.33333333,5
22247,4.367203,14.4864044,1.2571258,57.66666667,5
22262,4.366272,14.4849398,1.2571104,62,5
22277,4.3638307,14.487427,1.2552641,62.5,5
22292,4.3243104,14.5569154,1.0238187,63.33333333,5
22307,4.2856445,14.5304564,1.0203704,62.33333333,5
22322,4.2798305,14.5245666,1.0058288,56.33333333,5
22337,4.2836609,14.5235442,1.0111389,55.66666667,5
22352,4.2842406,14.5210723,1.0076293,55.33333333,5
22367,4.320038,14.536911,1.0331726,56,5
22382,4.3237151,14.601242,1.1880036,57,5
22397,4.3156585,14.6422121,1.2826536,57,5
22412,4.1175994,14.5731966,1.0327757,61.33333333,5
22427,4.122284,14.573639,1.0096436,53.5,5
22442,4.1422425,14.5651396,0.978546,62,5
22457,4.1413727,14.5709837,0.9635469,62.66666667,5
22472,4.1473694,14.5650329,0.9500427,63.33333333,5
22487,4.1498109,14.5684508,0.9466097,59.5,5
22502,4.1483766,14.5673982,0.9443509,64,5
22517,4.1470491,14.5677644,0.9213867,61.33333333,5
22532,4.1490175,14.5717927,0.9306183,62,5
22547,4.1510468,14.5718535,0.9291228,61.66666667,5
22562,4.1489564,14.5727998,0.924988,60,5
22577,4.1564028,14.5727846,0.9244996,62.33333333,5
22592,4.1535494,14.5742035,0.9219665,67.66666667,5
22607,4.1554413,14.5861665,0.9301299,67,5
22622,4.1655885,14.6152039,0.9340974,68,5
22637,4.2284699,14.7641295,0.8502501,68,5
22652,4.2390288,14.5705718,0.6476286,68,5
22667,4.2376859,14.5670165,0.6454619,68.33333333,5
22682,4.2434844,14.5587156,0.6418305,67.5,5
22697,4.2397154,14.5586545,0.6436767,70.5,5
22712,4.2401275,14.5576933,0.6425474,69,5
22727,4.2569887,14.5709533,0.6273651,68,5
22742,4.2453764,14.5749968,0.6602783,68.5,5
22757,4.2445981,14.5566862,0.6370088,67,5
22772,4.2431182,14.5547027,0.625351,65.66666667,5
22787,4.2436673,14.5551757,0.6311187,65,5
22802,4.2456359,14.5566556,0.6291045,66,5
22817,4.25058,14.5526885,0.6236876,65.66666667,5
22832,4.246216,14.5619203,0.6265563,66,5
22847,4.2184449,14.5627136,0.892334,69.33333333,5
22862,4.2185671,14.5503388,0.8578947,71,5
22877,4.2140809,14.5508118,0.8574678,65,5
22892,4.2150879,14.5508118,0.8536986,63,5
22907,4.2141877,14.5527497,0.86232,61.5,5
22922,4.2224884,14.5517883,0.852127,62.5,5
22937,4.1879272,14.5744017,0.9969178,64,5
22952,4.1475067,14.5667267,0.9984282,64,5
22967,4.1460115,14.5691682,0.9901582,66,5
22982,4.1489412,14.5646818,0.988144,67.33333333,5
22997,4.1490326,14.5632172,0.9886016,64.33333333,5
23012,4.1227418,14.6609956,1.0415648,63,5
23027,4.1054381,14.5791626,1.0236665,61.66666667,5
23042,4.1019592,14.5776519,1.0221864,63,5
23057,4.1022338,14.5830382,1.0124966,61.33333333,5
23072,4.1164091,14.6165923,1.0218506,62,5
23087,4.1170044,14.5746308,1.0026244,55.5,5
23102,4.1178738,14.5716095,0.9981993,57.66666667,5
23117,4.1159818,14.5735474,0.9928893,61,5
23132,4.1542055,14.6110074,1.0119628,63.66666667,5
23147,4.1452485,14.6467285,1.0239869,63.33333333,5
23162,4.1488954,14.5784911,0.9938965,63.33333333,5
23177,4.147522,14.5745389,0.9865262,57.66666667,5
23192,4.1583559,14.5804901,0.8960419,58.5,5
23207,4.158249,14.5838928,0.8825379,59.25,5
23222,4.165924,14.5669709,0.8539733,59,5
23237,4.1684112,14.56752,0.8490294,60.5,5
23252,4.2233886,14.6943206,1.096924,61.5,5
23267,4.1881867,14.5442506,1.1267395,61.66666667,5
23282,4.1885986,14.5422364,1.1306612,60.66666667,5
23297,4.2067412,14.5556644,1.1483611,59.33333333,5
23312,4.2068786,14.5354158,1.1320496,59,5
23327,4.208267,14.5354765,1.1329652,58.33333333,5
23342,4.2053375,14.5330507,1.1319276,56,5
23357,4.2057951,14.5344544,1.1339113,55.5,5
23372,4.2059175,14.5339355,1.1197663,60.75,5
23387,4.2024382,14.5417175,1.1260528,59,5
23402,4.2818452,14.5383605,1.1059418,59,5
23417,4.2609255,14.5234832,1.103714,58.33333333,5
23432,4.2631684,14.526489,1.1063535,61.25,5
23447,4.261612,14.5585784,1.1146394,58.5,5
23462,4.2579195,14.6020813,1.13768,57.5,5
23477,4.2581787,14.5541535,1.1128085,57.5,5
23492,4.2720947,14.5348357,1.1133423,57.66666667,1
23507,4.3146362,14.5466308,1.1986388,58,1
23522,4.2906494,14.5334625,1.2187501,58.66666667,1
23537,4.2754824,14.5287476,1.1726839,59,1
23552,4.8146972,14.977127,3.5648957,59.5,1
23567,5.0345153,13.7160495,3.9827424,59.5,1
23582,5.0318908,13.7483978,3.9302824,58,5
23597,5.0187837,13.7431337,3.8838194,59,5
23612,5.0396575,13.7095033,4.0138093,60,1
23627,5.0283963,13.6902924,4.0177614,59,1
23642,5.0328061,13.6952517,4.0114289,59,5
23657,5.0332795,13.6927949,4.0181733,59,5
23672,5.0313263,13.6977387,4.0055391,61.33333333,5
23687,5.0308379,13.6929322,3.9992217,65,5
23702,5.027771,13.692917,3.9976351,65,5
23717,5.0345459,13.6987611,4.001236,62,5
23732,5.0287475,13.6932985,4.0050508,60.33333333,5
23747,5.0268249,13.6884005,4.0103456,61.33333333,5
23762,5.0292511,13.6874087,4.0107728,60.66666667,5
23777,5.0265198,13.6893311,4.0204925,61,5
23792,5.0313569,13.6898193,4.0136263,69.5,5
23807,5.0353087,13.6858825,4.0185853,65,5
23822,5.0254669,13.6873781,4.0141907,60.33333333,5
23837,5.027954,13.6897431,4.028412,64.66666667,5
23852,5.0433043,13.7202913,4.0533141,64.66666667,5
23867,5.0308839,13.6718445,4.0696105,65,5
23882,5.0293732,13.6733245,4.0701295,64.66666667,5
23897,5.0332793,13.6743164,4.0666505,66.33333333,5
23912,5.0269927,13.6718597,4.0773012,63,5
23927,5.0250853,13.670349,4.0769504,63.33333333,5
23942,5.0280152,13.6713259,4.0861207,61.66666667,5
23957,5.030487,13.6697999,4.0938569,58.66666667,5
23972,5.0372469,13.6939697,4.0925293,56,5
23987,5.0341796,13.6832428,4.0655824,56.33333333,5
24002,5.0342256,13.6896666,4.0719909,61.66666667,5
24017,5.0349122,13.6797027,4.0835725,65,5
24032,5.0355071,13.6697999,4.0874788,64.33333333,5
24047,5.03656,13.6668245,4.0947724,65.66666667,5
24062,5.0379331,13.6692658,4.0942993,63,5
24077,5.0331422,13.6985018,4.0667877,59,5
24092,5.013565,13.738739,3.9749145,55.33333333,5
24107,5.0076293,13.7152252,3.9530485,55,5
24122,5.0134427,13.7231751,3.9466553,68,5
24137,5.011032,13.712799,3.9479676,70,5
24152,5.0100402,13.7241365,3.9485017,64.33333333,5
24167,5.0159605,13.7207185,3.9509583,62.66666667,5
24182,5.0144346,13.7177125,3.9490204,62.66666667,5
24197,4.9025877,13.9806824,3.3855744,67.5,5
24212,4.8270264,14.0296326,3.0719605,61,5
24227,4.8252256,14.0113375,3.0743714,58.33333333,5
24242,4.8257444,14.0068816,3.0733032,57,5
24257,4.8241883,14.0112761,3.0708617,58,5
24272,4.8361053,14.0092314,3.0887908,58.33333333,5
24287,4.8272096,13.9851988,3.1849824,60.5,5
24302,4.8276369,13.9886932,3.1776582,61,5
24317,4.8282929,13.9851073,3.2001191,66,5
24332,4.8488923,13.9790344,3.2523803,70.75,5
24347,4.8451385,13.9631499,3.2586974,70,5
24362,4.8480074,13.9621887,3.2596893,68.66666667,1
24377,4.8431702,13.9617308,3.2508849,66,1
24392,4.8973845,13.9590758,3.6004638,64.66666667,5
24407,4.3697662,13.3943786,6.1629029,65,5
24422,4.1112517,13.3381805,5.7794648,65,5
24437,4.1060027,13.3376467,5.81427,57.25,5
24452,4.1168519,13.3494872,5.9260408,56,5
24467,4.1789552,13.2100983,6.1732177,59.5,5
24482,7.4246522,8.872986,11.5597535,59.5,5
24497,7.1784361,1.9170991,13.07872,64.33333333,5
24512,7.1672517,1.9481507,13.0828246,62.5,5
24527,7.1450043,1.8739014,13.0965883,68,5
24542,7.1260071,1.8489685,13.1212465,70.66666667,5
24557,7.1226045,1.8774567,13.1136628,68,5
24572,7.0873869,1.8032837,13.1389617,68,5
24587,7.0848083,1.7771914,13.1357726,59.66666667,5
24602,7.0799865,1.7812043,13.1363677,59.66666667,5
24617,7.0715179,1.7940062,13.1492006,60,5
24632,7.1006928,1.7953032,13.1824494,66.66666667,5
24647,7.06575,1.766983,13.1527558,68,5
24662,7.0738068,1.7542419,13.1722261,63.66666667,5
24677,7.0523834,1.7216185,13.1623687,64,5
24692,7.044586,1.7321777,13.1668855,62.5,5
24707,7.041748,1.7094113,13.1689758,63.5,5
24722,7.0416718,1.717392,13.1710661,64.25,5
24737,7.0429382,1.7841795,13.1618193,63.33333333,5
24752,7.0490722,1.7813263,13.1645507,66,5
24767,7.0299073,1.7699737,13.1732024,67.33333333,5
24782,7.028061,1.8142701,13.1709594,64.66666667,5
24797,7.0216675,1.7940675,13.1715851,62,5
24812,7.0177002,1.7946472,13.1673125,60,5
24827,7.0205688,1.7990875,13.1687774,60,5
24842,7.0133821,1.7814789,13.1793367,64.75,5
24857,7.0153962,1.8266447,13.1873625,61,5
24872,6.9947816,1.8370208,13.1915283,60.5,5
24887,6.975174,1.8248904,13.1957398,65.66666667,5
24902,6.9932405,1.8060761,13.1842803,65,5
24917,6.9882812,1.7972259,13.1854708,65,5
24932,6.9984894,1.8375855,13.2012787,60.33333333,5
24947,6.9861145,1.8342287,13.1854398,65,5
24962,6.9833223,1.8603514,13.1816101,61,5
24977,6.9776613,1.8554686,13.182022,63,5
24992,6.9760589,1.8638001,13.1952055,67.5,5
25007,6.9579924,1.8480987,13.1990813,67,5
25022,6.9657137,1.8490599,13.190155,65,2
25037,6.9633026,1.8486786,13.2041474,66.33333333,2
25052,6.9732665,1.8200532,13.208969,64,0
25067,6.9810638,1.7968599,13.2206877,67,0
25082,6.967926,1.7800597,13.2061767,68,1
25097,6.9678801,1.7766877,13.2085267,66.33333333,1
25112,5.788498,9.6530305,9.5727386,65.66666667,2
25127,2.4704132,14.6587981,2.3779602,62.5,2
25142,2.218811,14.6790158,2.4097901,55,2
25157,2.1517181,14.6819764,2.4215086,54.66666667,2
25172,2.1310273,14.6883087,2.4285584,57.66666667,2
25187,2.1235351,14.6856843,2.444,57.25,2
25202,2.1043548,14.6942444,2.4397738,60.33333333,2
25217,2.0768129,14.6932525,2.4525756,63.33333333,2
25232,2.0743866,14.6933292,2.4427492,62,2
25247,2.0668639,14.6931613,2.4561768,59.33333333,2
25262,2.0648957,14.6989747,2.4640046,63.66666667,2
25277,2.0576019,14.7006379,2.4459837,64.33333333,2
25292,2.0547028,14.696213,2.4420317,59,2
25307,2.0514984,14.6961061,2.4598236,59.33333333,2
25322,2.0477142,14.695206,2.4549409,59.66666667,2
25337,2.0496673,14.7006075,2.4554596,64.66666667,2
25352,2.0412139,14.700165,2.4552308,62.33333333,2
25367,2.0354461,14.7026522,2.4500886,63,2
25382,2.0359497,14.6981204,2.4504089,64.33333333,2
25397,2.0348664,14.7040408,2.4528046,65,2
25412,2.0343934,14.7016299,2.4543913,65,2
25427,2.034958,14.698181,2.4526366,66,2
25442,2.0344848,14.7010651,2.4504853,66.66666667,2
25457,2.0319976,14.6961977,2.4566193,63,2
25472,2.0289915,14.6951906,2.4614104,65,2
25487,2.0213166,14.69722,2.4560089,65,2
25502,2.0201263,14.6996002,2.4613647,65,2
25517,2.0220946,14.700638,2.459381,64.33333333,2
25532,2.0152587,14.6966098,2.4645996,65.33333333,2
25547,2.0116576,14.6971437,2.4704437,65.66666667,2
25562,2.010208,14.6971133,2.4693449,63.33333333,2
25577,2.0053101,14.6971591,2.4683684,63.5,2
25592,2.008255,14.7010501,2.4674224,65,2
25607,2.0033416,14.7000734,2.4728699,61.66666667,2
25622,2.0066832,14.6971133,2.4726712,63.66666667,2
25637,2.008148,14.7000581,2.4631501,64,2
25652,2.0052643,14.7015382,2.4665375,63,2
25667,2.0101471,14.7054902,2.4693907,68,2
25682,2.0087739,14.6995697,2.4704133,65,2
25697,2.0097046,14.700104,2.4764252,64.66666667,2
25712,2.0116271,14.6965638,2.4726868,64,2
25727,2.0076598,14.6976015,2.472717,64,2
25742,2.0111998,14.7054138,2.4819488,68,2
25757,2.0072327,14.6980896,2.469818,65.66666667,2
25772,2.0082245,14.7005466,2.4719238,66.33333333,2
25787,1.993042,14.7070313,2.4641112,63.66666667,2
25802,1.9853363,14.7012331,2.4360351,66.66666667,0
25817,1.9839629,14.7100832,2.4358216,66.66666667,0
25832,1.9828795,14.7026825,2.4486999,68,1
25847,1.9747315,14.7107086,2.4242552,69.66666667,1
25862,3.8409729,15.1779174,5.8703613,79.5,1
25877,5.4546508,12.749054,12.5252532,85,1
25892,3.1027527,13.9814911,5.2275848,80.66666667,0
25907,2.9583739,14.0356904,5.0447998,68.66666667,0
25922,2.9359895,14.0429995,5.0202638,68,0
25937,3.5374147,14.4501495,7.7741394,55.66666667,0
25952,0.8144836,1.9427946,15.0237579,57.33333333,0
25967,0.3858185,1.429489,14.8603056,73,0
25982,0.5245973,1.2071379,14.8501587,72.33333333,0
25997,0.5585329,1.2229615,14.8276977,69,0
26012,0.562912,1.2072144,14.8289186,67.33333333,0
26027,0.5818023,1.2244416,14.8283691,67,0
26042,0.5915832,1.2165375,14.8247223,71,0
26057,0.5992737,1.2080992,14.8549346,68,0
26072,4.737259,8.5271457,12.9570619,68,0
27724,5.197281,13.6999053,5.3165893,60,0
27739,5.0811312,13.254791,5.9196168,60,0
27754,5.3007813,13.371521,4.740448,67,0
